Network,,,,
CBS,,,,
CBS,,,,
ABC,,,,
CBS,,,,
FOX,,,,
NBC,,,,
CBS,,,,
NBC,,,,
FOX,,,,
NBC,,,,
FOX,,,,
CBS,,,,
NBC,,,,
NBC,,,,
FOX,,,,
ABC,,,,
CBS,,,,
CBS,,,,
FOX,,,,
NBC,,,,
ABC,,,,
ABC,,,,
ABC,,,,
CBS,,,,
FOX,,,,
ABC,,,,
NBC,,,,
NBC,,,,
CBS,,,,
FOX,,,,
CBS,,,,
CBS,,,,
ABC,,,,
CBS,,,,
FOX,,,,
NBC,,,,
CBS,,,,
NBC,,,,
FOX,,,,
NBC,,,,
FOX,,,,
CBS,,,,
NBC,,,,
NBC,,,,
FOX,,,,
ABC,,,,
CBS,,,,
CBS,,,,
FOX,,,,
NBC,,,,
ABC,,,,
ABC,,,,
ABC,,,,
CBS,,,,
FOX,,,,
ABC,,,,
NBC,,,,
NBC,,,,
CBS,,,,
FOX,,,,
CBS,,,,
CBS,,,,
ABC,,,,
CBS,,,,
FOX,,,,
NBC,,,,
CBS,,,,
NBC,,,,
FOX,,,,
NBC,,,,
FOX,,,,
CBS,,,,
NBC,,,,
NBC,,,,
FOX,,,,
ABC,,,,
CBS,,,,
CBS,,,,
FOX,,,,
NBC,,,,
ABC,,,,
ABC,,,,
ABC,,,,
CBS,,,,
FOX,,,,
ABC,,,,
NBC,,,,
NBC,,,,
CBS,,,,
FOX,,,,
FOX,,,,
NBC,,,,
FOX,,,,
CBS,,,,
NBC,,,,
NBC,,,,
FOX,,,,
ABC,,,,
CBS,,,,
CBS,,,,
